Workbook

Sheet Dashboard
C2: MALAYSIAN HIGHWAY TRIP COST ESTIMATOR
C4: 📍 ROUTE DETAILS
C5: Entry Toll Plaza: | D5: Jitra
C6: Exit Toll Plaza: | D6: Skudai
C7: Estimated Distance: | D7: =IFERROR(IF(OR(D5="",D6=""), 0, IF(VLOOKUP(D5,'Toll Data'!$A:$C,2,FALSE())=VLOOKUP(D6,'Toll Data'!$A:$C,2,FALSE()), ABS(VLOOKUP(D5,'Toll Data'!$A:$C,3,FALSE())-VLOOKUP(D6,'Toll Data'!$A:$C,3,FALSE())), VLOOKUP(D5,'Toll Data'!$A:$C,3,FALSE())+VLOOKUP(D6,'Toll Data'!$A:$C,3,FALSE())+15)), 0) -> 795 | E7: km
C8: Estimated Toll Cost: | D8: =IFERROR(IF(D7=0, 0, D7*0.1088), 0) -> 86.496 | E8: RM
C10: 🚗 VEHICLE & FUEL/ENERGY
C11: Vehicle Type & Model: | D11: Nissan Almera N17 1.5 (ICE Sedan)
C12: Fuel/Charging Type: | D12: RON95 Petrol (Subsidised)
C13: Avg. Consumption: | D13: =IFERROR(VLOOKUP(D11,Vehicles!$A:$D,3,FALSE()),0) -> 6.8 | E13: =IFERROR(" "&VLOOKUP(D11,Vehicles!$A:$D,4,FALSE()),"") -> L/100km
C14: Rate per Unit (You Pay): | D14: =IFERROR(IF(VLOOKUP(D11,Vehicles!$A:$B,2,FALSE())="EV",IF(D12=Fuels!$A$5,Fuels!$B$5,IF(D12=Fuels!$A$6,Fuels!$B$6,IF(D12=Fuels!$A$7,Fuels!$B$7,Fuels!$B$5))),VLOOKUP(D12,Fuels!$A:$C,2,FALSE())),0) -> 1.99 | E14: =IFERROR(IF(VLOOKUP(D11,Vehicles!$A:$B,2,FALSE())="EV"," RM/kWh",VLOOKUP(D12,Fuels!$A:$C,3,FALSE())),"") -> RM/L
C15: Market Value per Unit: | D15: =IFERROR(IF(VLOOKUP(D11,Vehicles!$A:$B,2,FALSE())="EV",IF(D12=Fuels!$A$5,Fuels!$F$5,IF(D12=Fuels!$A$6,Fuels!$F$6,IF(D12=Fuels!$A$7,Fuels!$F$7,Fuels!$F$5))),VLOOKUP(D12,Fuels!$A:$F,6,FALSE())),0) -> 4.02 | E15: =IFERROR(IF(VLOOKUP(D11,Vehicles!$A:$B,2,FALSE())="EV"," RM/kWh",VLOOKUP(D12,Fuels!$A:$C,3,FALSE())),"") -> RM/L
C16: For EVs: choose an EV charging option; if a petrol/diesel option is left selected, Home Charging is used automatically.
C17: 💰 COST SUMMARY
C18: Fuel / Home Energy Cost (You Pay): | D18: =IFERROR(IF(OR(D7=0,D13=0,D14=0),0,IF(OR(D12=Fuels!$A$6,D12=Fuels!$A$7),0,(D7/100)*D13*D14)),0) -> 107.5794 | E18: RM
C19: Public EV Charging Cost (You Pay): | D19: =IFERROR(IF(OR(D7=0,D13=0,D14=0),0,IF(OR(D12=Fuels!$A$6,D12=Fuels!$A$7),(D7/100)*D13*D14,0)),0) -> 0 | E19: RM
C20: Government Fuel Subsidy (this trip): | D20: =IFERROR(IF(OR(D7=0,D13=0),0,(D7/100)*D13*MAX(D15-D14,0)),0) -> 109.7418 | E20: RM
C21: Total Fuel Value at Pump (You Pay + Subsidy): | D21: =IFERROR(D18+D19+D20,0) -> 217.3212 | E21: RM
C22: TOTAL TRIP COST (You Pay): | D22: =IFERROR(D8+D18+D19,0) -> 194.0754 | E22: RM
C24: 🛣️ ROUTE INFO (used by 'Rest Areas' tab)
C25: Entry Region: | D25: =IFERROR(VLOOKUP(D5,'Toll Data'!$A:$C,2,FALSE()),"") -> North
C26: Entry KM: | D26: =IFERROR(VLOOKUP(D5,'Toll Data'!$A:$C,3,FALSE()),0) -> 460
C27: Exit Region: | D27: =IFERROR(VLOOKUP(D6,'Toll Data'!$A:$C,2,FALSE()),"") -> South
C28: Exit KM: | D28: =IFERROR(VLOOKUP(D6,'Toll Data'!$A:$C,3,FALSE()),0) -> 320
C30: 🍽️ REST AREAS & AMENITIES ON THIS ROUTE
C31: Rest Areas Matching Your Route: | D31: =COUNTIF('Rest Areas'!$I:$I,TRUE()) -> 23 | E31: stops
C32: → Open the "Rest Areas" tab. Column I ("On Your Route?") is TRUE for every stop on your current route, in your direction of travel only -- filter or sort by it to see each stop's direction, petrol brand and food/cafe options.
C34: *Disclaimer: Toll is estimated from the route distance and current modelled tariff rate. EV energy cost uses current Malaysia benchmark assumptions: ~RM0.50/kWh home charging, ~RM1.10/kWh public AC, and ~RM1.50/kWh public DC. RON95 subsidy uses the BUDI95 rate vs the unsubsidised market rate published by MOF; Government Fuel Subsidy assumes you are BUDI95/BUDI-Diesel eligible and within your monthly litre quota. Actual operator/TNB rates vary by tariff, site and time. Rest area listings show the direction of travel, petrol brand and general food/cafe offering for that specific carriageway only -- never the opposite side of the highway, and never a stop on a highway your route doesn't use. Amenities are representative of publicly documented PLUS/LLM facilities; individual tenants change over time, so treat this as a planning guide and confirm signage on the day.

Sheet Toll Data
A1: Toll Plaza Name | B1: Region | C1: Distance from KL (km)
A2: Bukit Kayu Hitam | B2: North | C2: 485
A3: Jitra | B3: North | C3: 460
A4: Alor Setar Utara | B4: North | C4: 437
A5: Alor Setar Selatan | B5: North | C5: 430
A6: Pendang | B6: North | C6: 415
A7: Gurun | B7: North | C7: 400
A8: Sungai Petani Utara | B8: North | C8: 375
A9: Sungai Petani Selatan | B9: North | C9: 365
A10: Bertam | B10: North | C10: 355
A11: Sungai Dua | B11: North | C11: 345
A12: Juru | B12: North | C12: 335
A13: Batu Kawan | B13: North | C13: 320
... A92: Kuala Terengganu | B92: East | C92: 465

Sheet Vehicles
A1: Vehicle Type & Model | B1: Engine/Motor | C1: Consumption Rate | D1: Unit
A2: Nissan Almera N17 1.5 (ICE Sedan) | B2: ICE | C2: 6.8 | D2: L/100km
A3: Nissan Almera 1.0 Turbo (ICE Sedan) | B3: ICE | C3: 5.4 | D3: L/100km
A4: Nissan Serena S-Hybrid (ICE MPV) | B4: ICE | C4: 7.2 | D4: L/100km
A5: Nissan Navara 2.5 (ICE Diesel Pickup) | B5: ICE | C5: 7.8 | D5: L/100km
A6: Nissan Leaf 40kWh (EV Hatchback) | B6: EV | C6: 16.5 | D6: kWh/100km
A7: Nissan Kicks e-Power (Hybrid SUV) | B7: Hybrid | C7: 4.6 | D7: L/100km
A8: Perodua Axia (ICE Hatchback) | B8: ICE | C8: 5 | D8: L/100km
A9: Perodua Myvi 1.5 (ICE Hatchback) | B9: ICE | C9: 6 | D9: L/100km
A10: Proton Iriz (ICE Hatchback) | B10: ICE | C10: 7 | D10: L/100km
A11: Honda City 1.5 (ICE Sedan) | B11: ICE | C11: 6.5 | D11: L/100km
A12: Proton Saga (ICE Sedan) | B12: ICE | C12: 6.7 | D12: L/100km
A13: Toyota Vios (ICE Sedan) | B13: ICE | C13: 6.2 | D13: L/100km
... A28: Porsche Taycan (EV Sports Sedan) | B28: EV | C28: 23 | D28: kWh/100km

Sheet Fuels
A1: Fuel / Charging Type | B1: Price (RM) | C1: Unit | D1: Source | E1: Last Updated | F1: Market Value (RM)
A2: RON95 Petrol (Subsidised) | B2: 1.99 | C2: RM/L | D2: https://data.gov.my/data-catalogue/fuelprice | E2: 2026-09-10 | F2: 4.02
A3: RON97 Petrol (Premium) | B3: 4.5 | C3: RM/L | D3: https://data.gov.my/data-catalogue/fuelprice | E3: 2026-09-10 | F3: 4.5
A4: Diesel (Peninsular Malaysia) | B4: 4.92 | C4: RM/L | D4: https://data.gov.my/data-catalogue/fuelprice | E4: 2026-09-10 | F4: 4.92
A5: EV Home Charging (TNB Domestic ~0.50/kWh) | B5: 0.5 | C5: RM/kWh | D5: https://www.tnb.com.my/ | E5: manual | F5: 0.5
A6: EV Public Charging (AC ~1.10/kWh) | B6: 1.1 | C6: RM/kWh | D6: https://soyacincau.com/2026/07/28/tesla-destination-chargers-no-longer-free-rm0-88-per-kwh-rate-malaysia/ | E6: manual | F6: 1.1
A7: EV Public Charging (DC ~1.50/kWh) | B7: 1.5 | C7: RM/kWh | D7: https://soyacincau.com/2026/07/15/gentari-dc-charging-fee-price-cut-select-locations/ | E7: manual | F7: 1.5
A9: Fuel prices (rows 2-4) are refreshed from data.gov.my — the Ministry of Finance's official weekly open dataset (CC BY 4.0), announced every Wednesday. Column F is the unsubsidised market value of the same litre/kWh: for RON95 (Subsidised) this is what the government tops up on your behalf; for RON97, Diesel and EV rows there's no subsidy, so it matches column B. Run update_fuel_prices.py to pull the current week's rates at any time, or schedule it for hands-off updates; see README_fuel_price_automation.md. EV and toll rates have no public live feed and must be checked and updated by hand.

Sheet Rest Areas
A1: Rest Area / Layby Name | B1: Highway Region | C1: KM (from KL, same scale as Toll Data) | D1: Direction (raw) | E1: Direction (display) | F1: Type | G1: Petrol Brand(s) | H1: Food & Cafe Options | I1: On Your Route?
A2: Bukit Kayu Hitam R&R | B2: North | C2: 485 | D2: Away from KL | E2: Northbound | F2: R&R | G2: Petronas, Shell | H2: Duty-free mall, McDonald's, Old Town White Coffee, KK Mart | I2: =IF(Dashboard!$D$25=Dashboard!$D$27,IF($B2=Dashboard!$D$25,IF(Dashboard!$D$26<=Dashboard!$D$28,AND($D2="Away from KL",$C2>=Dashboard!$D$26,$C2<=Dashboard!$D$28),AND($D2="Towards KL",$C2>=Dashboard!$D$28,$C2<=Dashboard!$D$26)),FALSE()),OR(AND($B2=Dashboard!$D$25,$D2="Towards KL",$C2<=Dashboard!$D$26),AND($B2=Dashboard!$D$27,$D2="Away from KL",$C2<=Dashboard!$D$28))) -> FALSE
A3: Bukit Kayu Hitam R&R | B3: North | C3: 485 | D3: Towards KL | E3: Southbound | F3: R&R | G3: Petronas, Shell | H3: Duty-free mall, McDonald's, Old Town White Coffee, KK Mart | I3: =IF(Dashboard!$D$25=Dashboard!$D$27,IF($B3=Dashboard!$D$25,IF(Dashboard!$D$26<=Dashboard!$D$28,AND($D3="Away from KL",$C3>=Dashboard!$D$26,$C3<=Dashboard!$D$28),AND($D3="Towards KL",$C3>=Dashboard!$D$28,$C3<=Dashboard!$D$26)),FALSE()),OR(AND($B3=Dashboard!$D$25,$D3="Towards KL",$C3<=Dashboard!$D$26),AND($B3=Dashboard!$D$27,$D3="Away from KL",$C3<=Dashboard!$D$28))) -> FALSE
A4: Jitra Layby | B4: North | C4: 460 | D4: Away from KL | E4: Northbound | F4: Kawasan Rehat (Layby) | G4: Petron | H4: Convenience store, nasi kandar stall | I4: =IF(Dashboard!$D$25=Dashboard!$D$27,IF($B4=Dashboard!$D$25,IF(Dashboard!$D$26<=Dashboard!$D$28,AND($D4="Away from KL",$C4>=Dashboard!$D$26,$C4<=Dashboard!$D$28),AND($D4="Towards KL",$C4>=Dashboard!$D$28,$C4<=Dashboard!$D$26)),FALSE()),OR(AND($B4=Dashboard!$D$25,$D4="Towards KL",$C4<=Dashboard!$D$26),AND($B4=Dashboard!$D$27,$D4="Away from KL",$C4<=Dashboard!$D$28))) -> FALSE
A5: Gurun Layby | B5: North | C5: 400 | D5: Towards KL | E5: Southbound | F5: Kawasan Rehat (Layby) | G5: Shell | H5: Convenience store, burger stall | I5: =IF(Dashboard!$D$25=Dashboard!$D$27,IF($B5=Dashboard!$D$25,IF(Dashboard!$D$26<=Dashboard!$D$28,AND($D5="Away from KL",$C5>=Dashboard!$D$26,$C5<=Dashboard!$D$28),AND($D5="Towards KL",$C5>=Dashboard!$D$28,$C5<=Dashboard!$D$26)),FALSE()),OR(AND($B5=Dashboard!$D$25,$D5="Towards KL",$C5<=Dashboard!$D$26),AND($B5=Dashboard!$D$27,$D5="Away from KL",$C5<=Dashboard!$D$28))) -> TRUE
A6: Sungai Petani R&R | B6: North | C6: 370 | D6: Away from KL | E6: Northbound | F6: R&R | G6: Petronas | H6: KFC, nasi lemak stalls, Family Mart | I6: =IF(Dashboard!$D$25=Dashboard!$D$27,IF($B6=Dashboard!$D$25,IF(Dashboard!$D$26<=Dashboard!$D$28,AND($D6="Away from KL",$C6>=Dashboard!$D$26,$C6<=Dashboard!$D$28),AND($D6="Towards KL",$C6>=Dashboard!$D$28,$C6<=Dashboard!$D$26)),FALSE()),OR(AND($B6=Dashboard!$D$25,$D6="Towards KL",$C6<=Dashboard!$D$26),AND($B6=Dashboard!$D$27,$D6="Away from KL",$C6<=Dashboard!$D$28))) -> FALSE
A7: Sungai Petani R&R | B7: North | C7: 370 | D7: Towards KL | E7: Southbound | F7: R&R | G7: Caltex | H7: Mini mart, Pizza Hut Express, food court | I7: =IF(Dashboard!$D$25=Dashboard!$D$27,IF($B7=Dashboard!$D$25,IF(Dashboard!$D$26<=Dashboard!$D$28,AND($D7="Away from KL",$C7>=Dashboard!$D$26,$C7<=Dashboard!$D$28),AND($D7="Towards KL",$C7>=Dashboard!$D$28,$C7<=Dashboard!$D$26)),FALSE()),OR(AND($B7=Dashboard!$D$25,$D7="Towards KL",$C7<=Dashboard!$D$26),AND($B7=Dashboard!$D$27,$D7="Away from KL",$C7<=Dashboard!$D$28))) -> TRUE
A8: Juru R&R | B8: North | C8: 335 | D8: Away from KL | E8: Northbound | F8: R&R | G8: Petronas, Caltex | H8: McDonald's, Old Town White Coffee, mini mart | I8: =IF(Dashboard!$D$25=Dashboard!$D$27,IF($B8=Dashboard!$D$25,IF(Dashboard!$D$26<=Dashboard!$D$28,AND($D8="Away from KL",$C8>=Dashboard!$D$26,$C8<=Dashboard!$D$28),AND($D8="Towards KL",$C8>=Dashboard!$D$28,$C8<=Dashboard!$D$26)),FALSE()),OR(AND($B8=Dashboard!$D$25,$D8="Towards KL",$C8<=Dashboard!$D$26),AND($B8=Dashboard!$D$27,$D8="Away from KL",$C8<=Dashboard!$D$28))) -> FALSE
A9: Juru R&R | B9: North | C9: 335 | D9: Towards KL | E9: Southbound | F9: R&R | G9: Shell | H9: KFC, Dunkin', mini mart | I9: =IF(Dashboard!$D$25=Dashboard!$D$27,IF($B9=Dashboard!$D$25,IF(Dashboard!$D$26<=Dashboard!$D$28,AND($D9="Away from KL",$C9>=Dashboard!$D$26,$C9<=Dashboard!$D$28),AND($D9="Towards KL",$C9>=Dashboard!$D$28,$C9<=Dashboard!$D$26)),FALSE()),OR(AND($B9=Dashboard!$D$25,$D9="Towards KL",$C9<=Dashboard!$D$26),AND($B9=Dashboard!$D$27,$D9="Away from KL",$C9<=Dashboard!$D$28))) -> TRUE
A10: Bukit Tambun Layby | B10: North | C10: 320 | D10: Towards KL | E10: Southbound | F10: Kawasan Rehat (Layby) | G10: Petron | H10: Convenience store, satay stall | I10: =IF(Dashboard!$D$25=Dashboard!$D$27,IF($B10=Dashboard!$D$25,IF(Dashboard!$D$26<=Dashboard!$D$28,AND($D10="Away from KL",$C10>=Dashboard!$D$26,$C10<=Dashboard!$D$28),AND($D10="Towards KL",$C10>=Dashboard!$D$28,$C10<=Dashboard!$D$26)),FALSE()),OR(AND($B10=Dashboard!$D$25,$D10="Towards KL",$C10<=Dashboard!$D$26),AND($B10=Dashboard!$D$27,$D10="Away from KL",$C10<=Dashboard!$D$28))) -> TRUE
A11: Alor Pongsu R&R | B11: North | C11: 280 | D11: Away from KL | E11: Northbound | F11: R&R | G11: Petronas | H11: Nasi campur food court, Old Town White Coffee | I11: =IF(Dashboard!$D$25=Dashboard!$D$27,IF($B11=Dashboard!$D$25,IF(Dashboard!$D$26<=Dashboard!$D$28,AND($D11="Away from KL",$C11>=Dashboard!$D$26,$C11<=Dashboard!$D$28),AND($D11="Towards KL",$C11>=Dashboard!$D$28,$C11<=Dashboard!$D$26)),FALSE()),OR(AND($B11=Dashboard!$D$25,$D11="Towards KL",$C11<=Dashboard!$D$26),AND($B11=Dashboard!$D$27,$D11="Away from KL",$C11<=Dashboard!$D$28))) -> FALSE
A12: Alor Pongsu R&R | B12: North | C12: 280 | D12: Towards KL | E12: Southbound | F12: R&R | G12: Shell | H12: Nasi campur food court, mini mart | I12: =IF(Dashboard!$D$25=Dashboard!$D$27,IF($B12=Dashboard!$D$25,IF(Dashboard!$D$26<=Dashboard!$D$28,AND($D12="Away from KL",$C12>=Dashboard!$D$26,$C12<=Dashboard!$D$28),AND($D12="Towards KL",$C12>=Dashboard!$D$28,$C12<=Dashboard!$D$26)),FALSE()),OR(AND($B12=Dashboard!$D$25,$D12="Towards KL",$C12<=Dashboard!$D$26),AND($B12=Dashboard!$D$27,$D12="Away from KL",$C12<=Dashboard!$D$28))) -> TRUE
A13: Bukit Merah R&R | B13: North | C13: 270 | D13: Away from KL | E13: Northbound | F13: R&R | G13: Petronas | H13: McDonald's, mini mart, surau | I13: =IF(Dashboard!$D$25=Dashboard!$D$27,IF($B13=Dashboard!$D$25,IF(Dashboard!$D$26<=Dashboard!$D$28,AND($D13="Away from KL",$C13>=Dashboard!$D$26,$C13<=Dashboard!$D$28),AND($D13="Towards KL",$C13>=Dashboard!$D$28,$C13<=Dashboard!$D$26)),FALSE()),OR(AND($B13=Dashboard!$D$25,$D13="Towards KL",$C13<=Dashboard!$D$26),AND($B13=Dashboard!$D$27,$D13="Away from KL",$C13<=Dashboard!$D$28))) -> FALSE
... A69: Ajil Layby | B69: East | C69: 430 | D69: Towards KL | E69: Towards KL | F69: Kawasan Rehat (Layby) | G69: Petron | H69: Convenience store | I69: =IF(Dashboard!$D$25=Dashboard!$D$27,IF($B69=Dashboard!$D$25,IF(Dashboard!$D$26<=Dashboard!$D$28,AND($D69="Away from KL",$C69>=Dashboard!$D$26,$C69<=Dashboard!$D$28),AND($D69="Towards KL",$C69>=Dashboard!$D$28,$C69<=Dashboard!$D$26)),FALSE()),OR(AND($B69=Dashboard!$D$25,$D69="Towards KL",$C69<=Dashboard!$D$26),AND($B69=Dashboard!$D$27,$D69="Away from KL",$C69<=Dashboard!$D$28))) -> FALSE
A71: Note: Direction is per physical carriageway -- many R&R/Kawasan Rehat facilities sit on only one side of the highway, so a stop only shows 'TRUE' for routes travelling that way; full-service R&Rs are modelled on both carriageways unless documented as single-direction (Rawang R&R is northbound only, Ulu Bernam R&R is southbound only). Some larger R&Rs have more than one petrol brand on site -- these are listed together in the Petrol Brand(s) column, comma-separated. Filter column I to TRUE for your current Dashboard route. Petrol brands and food/cafe tenants are representative of publicly documented PLUS/LLM facilities and change over time -- confirm on-site signage.
